{
    "accuracy": 0.7179512779552716,
    "loss": 0.8040454314349178
}