{
    "accuracy": 0.7183506389776357,
    "loss": 0.8012789822995853
}