{
    "accuracy": 0.5692891373801917,
    "loss": 1.2725986417490072
}