{
    "accuracy": 0.5647963258785943,
    "loss": 1.254691522913619
}