{
    "accuracy": 0.8748003194888179,
    "loss": 0.5710653750517498
}