{
    "accuracy": 0.2796525559105431,
    "loss": 3.511081141023971
}