{
    "accuracy": 0.31429712460063897,
    "loss": 3.4913231267715794
}