{
    "accuracy": 0.6478634185303515,
    "loss": 1.0778676888432366
}