{
    "accuracy": 0.635882587859425,
    "loss": 1.096579673191229
}