{
    "accuracy": 0.9855231629392971,
    "loss": 0.09399506388722133
}