{
    "accuracy": 0.9830271565495208,
    "loss": 0.2259100863040612
}