{
    "accuracy": 0.9291134185303515,
    "loss": 0.26323052704893646
}