{
    "accuracy": 0.9287140575079872,
    "loss": 0.2668325601371761
}