{
    "accuracy": 0.9203274760383386,
    "loss": 0.3177394767205555
}