{
    "accuracy": 0.9183306709265175,
    "loss": 0.3283491818287883
}