{
    "accuracy": 0.7465055910543131,
    "loss": 0.8043550955601775
}