{
    "accuracy": 0.6454672523961661,
    "loss": 1.0881051386888034
}