{
    "accuracy": 0.9879193290734825,
    "loss": 0.08143397320759271
}