{
    "accuracy": 0.9911142172523961,
    "loss": 0.04518101798781749
}